Common_name,Species_name,Infraclass,Order,N.O,Bs,Bcal,Height,Width,Mass,ECV,ModelVolume,AvgBodyMass
Pygmy_glider,Acrobates_pygmaeus,Marsupiala,Diprotodontia,15.04,3.94,7.01,6.61,11.29,0.59,0.38,0.4,0.012
Rufous_kangaroo_rat,Aepyprymnus_rufescens,Marsupiala,Diprotodontia,52.4,13.78,22.68,25.68,30.94,19.08,12.36,11.78,2.488
Howler_monkey,Alouata_sp.,Placental,Primates,75.87,18.51,36.9,39.45,52.79,87.51,56.7,47.95,7
Scaley-tailed_squirrel,Anomolurus_beecrofti_argenteus,Placental,Rodentia,41.73,9.81,18.15,16.79,25.7,8.76,5.68,5.26,0.8
Lord_derbys_flying_squirrel,Anomolurus_fraseri,Placental,Rodentia,39.71,8.83,13.15,17.13,26.87,9.14,5.92,5.68,0.8
Yellow-footed_antechinus,Antechinus_flavipes,Marsupiala,Dasyuromorphia,18.9,4.51,9.15,7.61,12.62,0.79,0.51,0.59,0.056
Brown_antechinus,Antechinus_stuartii,Marsupiala,Dasyuromorphia,15.1,2.37,5.92,7.06,11.69,0.71,0.46,0.45,0.056
Pronghorn,Antilocapra_americana_ord,Placental,Artiodactyla,123.7,29.91,54.74,63.93,73.89,232.33,150.53,156.54,53
Mountain_beaver,Aplodontia_rufa,Placental,Rodentia,46.75,11.39,18.62,18.45,28.7,10.05,6.51,7.16,0.805
Antarctic_fur_seal,Arctocephalus_gazella,Placental,Carnivorans,154.32,30.98,75.51,71.95,103.77,438.38,284.03,323.62,91.75
Babiroussa,Babyrousa_babyrussa,Placental,Artiodactyla,133.39,27.81,47.87,72.6,59.75,198.31,128.49,130.78,70
Burrowing_bettong,Bettongia_lesueur,Marsupiala,Diprotodontia,49.43,16.25,25.19,24.27,29.61,14.65,9.49,10.18,1.35
Pale_throated_sloth,Bradypus_tridactyla,Placental,Pilosa,61.51,12.54,26.52,27.05,32.76,25.35,16.43,14.29,4.225
Common_marmoset,Callithrix_jacchus,Placental,Primates,36.65,7.47,13.81,19.64,23.94,9.59,6.22,5.33,0.34
Plantain_squirrel,Callosciurus_vittatus,Placental,Rodentia,37.96,7.49,15.52,16.72,22.94,7.27,4.71,4.26,0.6
Bare_tailed_wooly_opossum,Caluromys_philander_trinitatis,Marsupiala,Didelphimorphia,30.1,8.49,15.05,12.75,18.69,3.4,2.2,2.16,0.35
Dromedary_camel,Camelus_dromedarius,Placental,Artiodactyla,227.53,56.82,107.29,100.03,96.85,845.48,547.78,460.48,495
Golden_jackal,Canis_aureus,Placental,Carnivorans,87.04,20.94,41.36,45.46,52.86,102.48,66.4,58.11,11
Coyote,Canis_latrans,Placental,Carnivorans,98.73,23.84,47.27,53.36,59.43,141.45,91.65,85.86,13.25
Wolf,Canis_lupus,Placental,Carnivorans,121.53,24.04,59.11,61.13,73.22,208.99,135.4,146.45,38.5
Wild_goat,Capra_aegagrus,Placental,Artiodactyla,120.81,34.03,53.17,62.67,68.38,233.11,151.03,134.7,60
Roe_deer,Capreolus_caprea_gray,Placental,Artiodactyla,102.14,19.93,39.28,50.41,59.34,146.35,94.82,81.54,32.5
Hutia,Capromys_pilorides,Placental,Rodentia,51.14,10.67,21.94,18.46,21.72,9.75,6.31,4.74,5.65
American_beaver,Castor_canadensis,Placental,Rodentia,83.34,21.63,39.75,33.6,40.79,58.46,37.88,27.77,18.5
Guinea_pig,Cavia_cutleri,Placental,Rodentia,42.17,7.46,15.74,16.2,23.14,6.06,3.93,4.31,1
Capuchin,Cebus_sp.,Placental,Primates,73.58,7.81,21.47,42.11,52.9,104.89,67.96,51.03,3.85
Common_duiker,Cephalophus_grimmia,Placental,Artiodactyla,98.54,22.56,41.2,49.03,59.24,127.24,82.44,78.12,18.5
Guenon,Cercopithecus_cephus,Placental,Primates,74.43,11.2,23.44,44.83,57.25,111.43,72.19,61.94,5
Mona_monkey,Cercopithecus_mona,Placental,Primates,70.37,8.55,18.67,44.03,54.11,101.81,65.96,54.67,0.325
Chinchilla,Chinchilla_lanigera,Placental,Rodentia,39.62,6.32,11.35,17.39,23.9,6.77,4.39,4.79,0.65
Pink_fairy_armadillo,Chlamyphorus_truncatus,Placental,Cingulata,26.37,5.01,8.79,13.25,22.97,3.55,2.3,3,0.085
Two_toed_tree_sloth,Choloepus_didactylus,Placental,Pilosa,93.63,18.45,35.83,43.75,49.1,54.17,35.1,50.8,6.25
African_civet_cat,Civettictis_civetta,Placental,Carnivorans,93.24,18.43,38.55,36.58,41.11,56.57,36.65,31.78,13.5
European_hamster,Cricetus_cricetus,Placental,Rodentia,30.63,6.72,15.3,13.42,17.31,2.58,1.67,2.03,0.51
Hooded_seal,Cristophora_cristata,Placental,Carnivorans,126.62,36.94,69.89,81.1,117.09,580.95,376.4,418.1,261.25
Olivers_shrew,Crocidura_olivieri,Placental,Eulipotyphla,11.69,2.7,4.57,5.47,9.82,0.33,0.22,0.24,0.051
Spotted_hyaena,Crocuta_crocuta,Placental,Carnivorans,159.07,31.25,69.75,80.42,82.94,253.46,164.22,257.63,63
Tuco-tuco,Ctenomys_opimus_luteblus,Placental,Rodentia,28.23,7.98,14.44,13.22,17.47,3.66,2.37,1.98,0.4
Paca,Cuniculus_paca,Placental,Rodentia,97.54,14.51,34,34.43,50.66,50.56,32.76,42.06,9
Prarie_dog,Cynomys_ludovicianus,Placental,Rodentia,41.47,10.82,18.76,16.57,21.95,5.98,3.87,4.04,1.05
Fallow_deer,Dama_dama,Placental,Artiodactyla,134.68,19.78,56.21,76.7,77.44,359.62,232.99,209.19,70
Golden_acouti,Dasyprocta_aurea,Placental,Rodentia,67.83,11.11,22.87,28.93,33.66,29.71,19.25,16.48,2.65
Southern_long_nosed_armadillo,Dasypus_hybridia,Placental,Cingulata,50.01,7.69,13.1,20.18,24.99,7.73,5.01,6.45,5.5
Armadillo,Dasypus_novemcincta,Placental,Cingulata,62.29,6.95,13.4,25.52,30.57,17.68,11.45,12.1,5.5
Chuditch,Dasyurus_geoffroyi,Marsupiala,Dasyuromorphia,43,14.72,23.71,16.47,23.88,6.61,4.28,4.64,0.55
Tiger_quoll,Dasyurus_maculatus,Marsupiala,Dasyuromorphia,53.27,20.18,32.06,21.63,27.81,13.04,8.45,8.36,2.5
Quoll,Dasyurus_viverrinus,Marsupiala,Dasyuromorphia,37.73,13.62,26.65,16.46,23.57,7.68,4.97,4.36,1.008
Aye-aye,Daubentonia_madagascarensis,Placental,Primates,70.4,12.03,23.43,38.94,44.74,62.14,40.26,35.62,6
Beluga_whale,Delphinapterus_leucas,Placental,Artiodactyla,161.5,66.49,118.83,161.51,222.29,3826.68,2479.3,2542.45,1430
Common_dolphin,Delphinus_delphis,Placental,Artiodactyla,112.79,38.97,79.73,116.02,144.11,1317.89,853.86,814.55,80
Tree_hyrax,Dendrohyrax_arboreus,Placental,Hyracoidea,80.18,19.01,35.3,33.94,34.1,34.65,22.45,20.9,3.8
Vampire_bat,Desmodus_rufus,Placental,Chiroptera,18.2,4.16,7.4,10.06,12.87,1.34,0.87,0.81,0.033
American_opossum,Didelphys_virginiana,Marsupiala,Didelphimorphia,51.1,17.31,27.92,20.13,25.83,9.29,6.02,6.82,3
Ords_kangaroo_rat,Dipodomys_ordii,Placental,Rodentia,22.16,2.58,8.54,12.42,16.88,2.36,1.53,1.63,0.108
Dugong,Dugong_dugon,Placental,Sirenia,159.31,38.58,94.96,111.67,116.1,646.35,418.77,617.66,295
Equatorial_fruit_bat,Eidolon_helvum,Placental,Chiroptera,36.02,5.45,12.49,14.76,20.18,5.36,3.47,3,0.235
Sea_otter,Enhydra_lutris,Placental,Carnivorans,109.38,23.47,54.76,48.74,79.78,196.42,127.26,128.21,28.5
Horse,Equus_caballus,Placental,Perissodactyla,282.83,47.51,100.14,99.82,95.88,776.86,503.33,482.92,250
New_world_porcupine,Erethizon_dorsatum,Placental,Rodentia,59.41,16.05,28.92,28.44,35.67,31.71,20.54,17.04,5.25
Hedgehog,Erinaceus_europaeus,Placental,Eulipotyphla,36.22,9.57,15.72,15.16,23.15,5.05,3.27,3.84,0.75
Galago,Euoticus_pallidus,Placental,Primates,35.65,5.12,11.84,17.13,23.67,7.7,4.99,4.5,2.7
Puma,Felis_concolor,Placental,Carnivorans,128.38,25.8,57.08,57.86,72.4,205.36,133.05,138.11,66.5
Lion,Felis_leo,Placental,Carnivorans,173.29,30.4,81.94,80.01,100.56,347.72,225.29,356.37,175.5
Lynx,Felis_lynx,Placental,Carnivorans,100.81,18.32,41.21,48.56,59.32,128.75,83.41,78.06,19.85
Wild_cat,Felis_silvestris,Placental,Carnivorans,76.86,15.04,31.93,36.21,47.3,63.39,41.07,37.01,5.5
Allens_bushbaby,Galagoides_alleni,Placental,Primates,35.01,5.36,11.85,17.8,23.69,7.02,4.55,4.67,45
Demidoffs_bushbaby,Galagoides_demidoffi,Placental,Primates,26.63,3.3,8.08,14.09,18.83,4.64,3.01,2.34,55
Philippine_flying_lemur,Galeopithecus_volans,Placental,Primates,42.06,6.66,16.29,16.8,25.63,8.65,5.61,5.26,1.375
Dorcas_gazelle,Gazella_dorcas,Placental,Artiodactyla,95.4,25.4,47.46,50.88,56.17,118.42,76.72,73.95,48.5
Western_gorilla,Gorilla_gorilla,Placental,Primates,160.8,15.05,43.37,93.39,101.21,744.18,482.16,413.74,1.225
Huets_dormouse,Graphiurus_argenteus,Placental,Rodentia,23.92,5.19,11.47,10.91,16.09,2.49,1.61,1.35,0.024
Wolverine,Gulo_luscus,Placental,Carnivorans,104.47,23.6,42.03,44.41,67.64,124.27,80.51,88.41,19.5
Red_legged_sun_squirrel,Heliosciurus_rufobrachium,Placental,Rodentia,38.37,8.27,16.34,16.73,23.24,7.68,4.98,4.36,0.34
Streaked_tenrec,Hemicentetes_semispinosus,Placental,Afrosoricida,23.09,3.52,6.86,10.99,14.36,1.31,0.85,1.13,0.18
Mongoose,Herpestes_ichneumon,Placental,Carnivorans,76.79,16.18,37.11,30.74,35.09,34.67,22.46,19.46,2.7
Cyclops_leaf_nosed_bat,Hippsiderus_cyclops,Placental,Chiroptera,17.11,6.79,3.82,8.02,10.87,0.83,0.54,0.48,0.035
Capybara,Hydrochoerus_capybara,Placental,Rodentia,133.08,24.18,54.93,63.04,56.98,131.05,84.91,104.65,53
Water_rat,Hydromys_chrysogaster,Placental,Rodentia,36.54,9.37,17.81,16.43,21.55,7.19,4.66,3.74,0.8
water_chevrotain,Hyemoschus_aquaticus,Placental,Artiodactyla,72.7,11.64,26.05,35,36.84,37.06,24.01,23.68,10.85
Gibbon,Hylobates_lar,Placental,Primates,78.37,11.42,24.51,49.03,57.84,153.5,99.45,70.22,0.071
Hammer_headed_fruit_bat,Hypsignathus_monstrous,Placental,Chiroptera,34.08,6.08,13.59,14.08,20.41,4.98,3.23,2.86,0.325
African_crested_porcupine,Hystrix_cristata,Placental,Rodentia,67.6,18.71,38.11,37.45,59.95,59.26,38.39,53.62,20
Zorilla,Ictonyx_striatus,Placental,Carnivorans,47.54,10.84,21.4,22.87,29.29,15.2,9.85,9.3,0.91
Long_eared_flying_squirrel,Idiurus_macrotis,Placental,Rodentia,20.73,2.95,6.48,8.56,11.28,1.04,0.67,0.57,0.03
Zenkers_flying_squirrel,Idiurus_zenkeri,Placental,Rodentia,16.06,3.01,5.58,7.31,10.13,0.65,0.42,0.38,0.016
Short_nosed_bandicoot,Isoodon_obesulus,Marsupiala,Peramelemorphia,41.76,11.92,21.07,19.16,24.66,6.61,4.28,5.66,1
Viscacha,Lagostomus_trichodactylus,Placental,Rodentia,64.81,17.4,28.17,27.34,38.62,26.66,17.28,19.04,4.875
Norway_lemming,Lemmus_lemmus,Placental,Rodentia,20.54,3.54,8.66,7.75,13.34,0.93,0.6,0.67,0.076
Lemur,Lemur_catta,Placental,Primates,62.35,11.05,23.36,27.99,36.55,31.24,20.24,17.68,1.19
Brown_hare,Lepus_europeus,Placental,Rodentia,65.09,11.21,23.78,27.01,32.79,22.53,14.6,14.54,4.2
Arctic_hare,Lepus_timidus,Placental,Rodentia,58.45,11,23.5,25.73,30.84,20.14,13.05,12.14,4.2
Common_otter,Lutra_lutra,Placental,Carnivorans,86.67,19.58,42.99,37.26,56.04,84.3,54.62,51.68,9.5
Long_tailed_macaque,Macacus_cynomolgus,Placental,Primates,76.59,10.46,25.24,44.39,56.59,99.81,64.67,60.72,10
Barbary_macacque,Macacus_innuus,Placental,Primates,85.38,12.81,27.41,52.2,62.54,144.66,93.73,87.02,10
Grey_kangaroo,Macropus_giganteus,Marsupiala,Diprotodontia,98.86,27.14,44.46,53.3,47.55,99.98,64.78,60.32,42.5
Red_kangaroo,Macropus_rufus,Marsupiala,Diprotodontia,89.57,22.39,40.02,47.71,51.95,76.02,49.25,59.96,42.5
Elephant_shrew,Macroscelides_proboscidus,Placental,Macroscelidea,22.05,4.08,6.67,10.14,15.08,1.69,1.09,1.1,0.04
Bilby,Macrotis_lagotis,Marsupiala,Peramelemorphia,52.76,12.81,26.03,22.75,28.63,9.56,6.19,9.2,1.55
Salts_dikdik,Madoqua_saltina,Placental,Artiodactyla,62.37,11.66,24.79,36.06,40.11,37.71,24.43,26.67,5
Malayan_pangolin,Manis_javanica,Placental,Pholidota,50.98,13.06,25.7,24.87,34.43,17.33,11.23,13.38,17.75
Tree_pangolin,Manis_tricuspis,Placental,Pholidota,46.38,9.71,21.79,22.74,32.55,16.3,10.56,10.83,17.75
German_oppossom,Marmosa_germana,Marsupiala,Didelphimorphia,26.08,9.17,14.1,10.78,16.11,2.07,1.34,1.38,0.049
Alpine_marmott,Marmotta_marmotta,Placental,Rodentia,56.49,11.95,27.26,22.84,30.59,17.15,11.11,10.47,5.25
Pine_marten,Martes_martes,Placental,Carnivorans,58.54,12.84,28.59,26.06,34.6,26.94,17.45,14.76,1.3
Fisher_martin,Martes_pennantii,Placental,Carnivorans,82.91,22.91,42.26,32.9,45.41,54.67,35.42,32.12,3.15
Badger,Meles_meles,Placental,Carnivorans,86.63,23.46,43.39,38.33,52.49,81.73,52.95,48.01,13
Common_vole,Microtus_arvalis,Placental,Rodentia,18.85,2.16,6.58,7.74,10.87,0.61,0.39,0.47,0.049
Pallas_mastiff_bat,Molossus_molossus,Placental,Chiroptera,10.56,2.22,3.74,5.55,8.38,0.24,0.15,0.19,0.02
Leachs_Single_Leaf_Bat,Monophyllus_redmani,Placental,Chiroptera,14.78,4.13,7.03,7.77,9.96,0.62,0.4,0.39,0.011
Muntjack,Moschus_moschiferus,Placental,Artiodactyla,81.07,14.51,32.04,42.52,46.47,71.37,46.24,43.27,12.5
European_house_mouse,Mus_musculus,Placental,Rodentia,15.2,3.74,6.59,7.27,10.37,0.54,0.35,0.39,0.021
Stoat,Mustela_erminea,Placental,Carnivorans,36.51,9.51,18.79,15.54,21.52,6.8,4.41,3.52,0.204
Weasel,Mustela_nivalis,Placental,Carnivorans,30.75,5.76,14.27,12.79,17.43,3.76,2.44,1.96,0.138
Polecat,Mustela_putorius,Placental,Carnivorans,47.76,7.59,20.21,18.68,27.53,11.5,7.45,6.83,0.8
Nutria,Myocastor_coypus,Placental,Rodentia,61.61,13.43,25.85,24.39,32.43,21.93,14.21,12.63,7.5
Natterers_bat,Myotis_nattereri,Placental,Chiroptera,10.06,2.14,4.19,5.53,7.74,0.22,0.14,0.16,0.01
Numbat,Myrmecobius_fasciatus,Marsupiala,Dasyuromorphia,47.47,10.48,18.29,15.54,21.65,5.25,3.4,3.85,0.45
Giant_anteater,Myrmecophaga_tridactyla,Placental,Pilosa,214.43,33.88,58.55,44.93,60.3,139.35,90.29,92.76,28.5
Proboscis_monkey,Nasalis_larvatus,Placental,Primates,85.17,13.19,28.95,48.42,61.89,149.13,96.62,79.07,14.125
Coati,Nasua_narica,Placental,Carnivorans,75.02,14.68,32.43,34.97,43.24,48.32,31.31,30.75,4.75
African_noctule,Nyctalus_noctula,Placental,Chiroptera,11.56,2.5,5.26,6.27,10,0.37,0.24,0.29,0.028
Slow_loris,Nycticebus_tardigradus,Placental,Primates,44.81,8.21,16.99,23.35,29.68,13.91,9.01,9.53,155
Degu,Octodon_degus,Placental,Rodentia,29.52,5.63,13.65,12.87,15.12,2.95,1.91,1.55,0.235
Platypus,Ornithorhynchus_anatinus,Monotremata,Monotremata,39.46,15.49,23.84,21.8,33.07,15.64,10.14,10.12,1.25
Aardvark,Orycteropus_capensis,Placental,Tubulidentata,116.81,27.13,44.94,41.61,60.29,143.71,93.11,71.25,60
Rabbit,Oryctolagus_cuniculus,Placental,Lagomorpha,62.59,12.18,23.71,25.55,28.45,16.77,10.86,10.83,1.85
South_american_sea_lion,Otaria_flavecens,Placental,Carnivorans,230.21,57.1,97.36,106,111.32,955.12,618.82,611.69,230
Oribi,Ourebia_ourebi,Placental,Artiodactyla,92.6,14.91,35.52,45.5,51.5,94.26,61.07,56.86,17.5
Sheep,Ovis_aries,Placental,Artiodactyla,109.53,24.59,54.1,75.18,61.76,151.52,98.17,134.68,110
Chimpanzee,Pan_troglodytes,Placental,Primates,126.37,12.92,36.45,83.38,95.65,569.95,369.27,312.57,5
Savanna_baboon,Papio_papio,Placental,Primates,103.97,19.28,36.03,62.57,76.88,253.43,164.2,154.6,27.5
Asian_palm_civet,Paradoxurus_hermaphroditus,Placental,Carnivorans,78.2,17.16,34.24,28.98,35.51,31.09,20.14,18.75,3
Collared_peccary,Pecari_tajacu,Placental,Artiodactyla,113.57,18.56,41.13,65.56,55.36,141.83,91.89,99.29,22
Cape_jumping_hare,Pedetes_capensis,Placental,Lagomorpha,58.6,18.59,31.33,31.76,37.51,29.57,19.16,20.62,3.5
Eastern_barred_bandicoot,Perameles_gunni,Marsupiala,Peramelemorphia,40.97,7.56,12.44,18.15,22.52,5.85,3.79,4.61,0.675
Potto,Perodicticus_potto,Placental,Primates,47.39,6.76,20.83,22.98,31.4,17.9,11.6,10.41,2.9
Greater_glider,Petauroides_volans,Marsupiala,Diprotodontia,36.12,8.88,14.75,14.74,20.03,5.68,3.68,2.97,1.2
Sugar_glider,Petaurus_breviceps,Marsupiala,Diprotodontia,28.87,5.95,13.03,12.55,17.62,3.26,2.11,1.91,0.12
Gliding_phalanger,Petaurus_sp.,Marsupiala,Diprotodontia,39.63,9.99,17.41,15.92,23.49,7.11,4.61,4.26,0.28
Yellow-footed_rock_wallaby,Petrogale_xanthopus,Marsupiala,Diprotodontia,67.27,17.94,30.8,33.66,36.19,32.39,20.99,21.59,6
Tuan,Phascogale_tapaotafa,Marsupiala,Dasyuromorphia,28.16,9.81,16.09,11.34,18.47,2.37,1.54,1.84,0.168
Koala,Phascolarctos_cinereus,Marsupiala,Diprotodontia,86.46,20.48,34.02,30.73,37.53,31.08,20.14,22.43,9.5
Common_seal,Phoca_vitulina,Placental,Carnivorans,123.14,27.79,67.69,68.06,95.18,417.02,270.19,248.88,110
Porpoise,Phocoena_phocoena,Placental,Artiodactyla,91.27,45.51,74.13,86.29,133.27,831.92,539,495.64,52.5
Ganges_river_dolphin,Platanista_gangetica_gangetica,Placental,Artiodactyla,66.54,24.39,59.4,68.56,95.18,301.58,195.39,208.24,70
Bat,Plecotus_auritus,Placental,Chiroptera,12.94,2.95,4.58,5.34,8.52,0.24,0.15,0.2,0.01
Orangutan,Pongo_pygmaeus,Placental,Primates,131.37,13.06,46.55,95.66,103.46,704.93,456.72,413.2,2.5
Giant_otter_shrew,Potamogale_velox,Placental,Afrosoricida,30.19,8.2,15.13,13.35,19.17,4.48,2.9,2.37,0.37
Rat_kangaroo,Potorous_triactylus,Marsupiala,Diprotodontia,56.85,13.54,22.78,25.11,30.31,16.97,11,11.42,1.43
Kinkajou,Potos_flavus,Placental,Carnivorans,66.24,12.27,29.89,32.77,40.36,46.84,30.35,24.82,3
Maroon_leaf_monkey,Presbytis_rubicunda,Placental,Primates,77.2,10.47,22.54,45.77,53.23,105.57,68.4,57.06,6.55
Rock_hyrax,Procavia_capensis,Placental,Hyracoidea,59.75,13.81,27.01,30.4,31.51,24.6,15.94,15.05,3.8
Racoon,Procyon_lotor,Placental,Carnivorans,73.12,15.93,31.95,34.06,47.11,59.67,38.66,33.98,8.5
Diademed_sifaka,Propithecus_diadema,Placental,Primates,71.67,12.38,28.6,35.74,47.92,68.28,44.24,36.5,4.5
Aardwolf,Proteles_cristatus,Placental,Carnivorans,87.78,19.56,39.85,36.98,49.07,64.73,41.94,41.74,11.5
Queensland_ringtail,Pseudochirus_cooki,Marsupiala,Diprotodontia,40.35,11.46,19.96,18.2,23.85,6.98,4.52,5.04,0.9
Common_ringtail,Pseudochirus_prerequinus,Marsupiala,Diprotodontia,39.68,10.8,19.76,18,21.96,6.82,4.42,4.35,0.9
Flying_fox,Pteropus_sp.,Placental,Chiroptera,48.16,8.25,18.59,18.45,24.27,10,6.48,5.54,0.8
Reindeer,Rangifer_tarandus,Placental,Artiodactyla,160.26,30.92,61.67,88.03,93.7,462.18,299.45,344.01,95.5
Common_rat,Rattus_norvegicus,Placental,Rodentia,31.8,8.34,15.76,12.95,16.86,3.05,1.98,1.9,0.3
House_rat,Rattus_rattus,Placental,Rodentia,27.67,6.34,12.87,11.45,16.43,2.38,1.54,1.54,92.5
Cream_coloured_giant_squirrel,Ratufa_affinis,Placental,Rodentia,50.41,14.98,21.32,20.53,29.2,14.75,9.56,8.41,1.75
Black_giant_squirrel,Ratufa_bicolor,Placental,Rodentia,54.96,13.67,22.61,19.8,30.62,16.84,10.91,8.96,1.75
Checkered_elephant_shrew,Rhynchocyon_cernei,Placental,Macroscelidea,40.73,4.69,10.5,17.13,24.7,6.15,3.98,5.01,0.37
Tasmanian_Devil,Sarcophilus_satanicus,Marsupiala,Dasyuromorphia,64.74,20.22,32.37,29.09,41.76,18.66,12.09,22.97,7.375
Kashmir_flying_squirrel,Sciuropterus_volucella,Placental,Rodentia,27.29,5.47,11.88,12.85,16.87,3.14,2.03,1.8,0.6
Leaf_monkey,Semnopithecus_entellus,Placental,Primates,76.63,10.72,23.95,45.54,56.41,97.27,63.02,62.07,14.5
Stripe-faced_dunnart,Smithopsis_macroura,Marsupiala,Dasyuromorphia,16.2,3.61,7.2,6.5,10.27,0.46,0.3,0.34,0.018
Solenadon,Solenadon_cubanus_peters,Placental,Eulipotyphla,48.43,5.31,14.64,15.55,24.65,6.7,4.34,4.76,1
Common_shrew,Sorex_araneus,Placental,Eulipotyphla,10.32,1.35,2.5,5.03,8.84,0.11,0.07,0.18,0.01
Spotted_cuscus,Spilocuscus_maculatus,Marsupiala,Diprotodontia,65.79,15.85,30.81,24.8,34.78,20.63,13.36,14.63,4.5
Musk_shrew,Suncus_murinus,Placental,Eulipotyphla,24.38,4.95,10.04,7.08,11.48,0.76,0.49,0.51,2.5
Slender_squirrel,Sundasciurus_tenuis,Placental,Rodentia,27.25,5.39,11.17,13.07,18.07,3.09,2,2.04,0.075
Meerkat,Suricata_suricatta,Placental,Carnivorans,47.52,9.04,20.41,23.02,31.29,16.34,10.59,10.39,0.7
Bearded_pig,Sus_barbatus_mull,Placental,Artiodactyla,207.58,29.04,70.14,90.04,82.99,350.96,227.39,314.43,195
Wild_boar,Sus_scrofa,Placental,Artiodactyla,125.76,18.86,46.23,75.39,68.74,219.62,142.29,166.76,195
Short_nosed_echidna,Tachyglossus_actuleatus,Monotremata,Monotremata,49.85,13.2,26.67,26.29,47.47,39.79,25.78,23.38,4.75
East_african_mole_rat,Tachyoryctes_ibeanus,Placental,Rodentia,22.66,3.1,7.12,12.85,16.17,2.25,1.46,1.59,0.22
European_mole,Talpa_europea,Placental,Rodentia,22.3,4.9,9.39,9.2,15.69,1.33,0.86,1.07,0.093
Southern_Tamandua,Tamandua_tetradactyla,Placental,Pilosa,79.76,16.61,35.72,26.63,38.36,35.76,23.17,19.51,4.5
Eastern_chipmunk,Tamias_striatus,Placental,Rodentia,28.29,5.69,11.19,11.87,17.55,3.03,1.96,1.78,0.106
Tapir,Tapirus_indicus,Placental,Perissodactyla,206.48,41.3,94.62,122.39,98.53,570.74,369.78,567.31,235
tarsier,Tarsius_tarsius,Placental,Primates,31.32,4.46,10.01,16.81,22.25,4.03,2.61,3.85,0.315
White_lipped_peccary,Tayassu_pecari,Placental,Artiodactyla,129.48,23.33,50.22,76.62,66.22,258.01,167.16,161.33,35
Tail-less_tenrec,Tenrec_ecaudatus,Placental,Afrosoricida,43.8,6.99,12.16,15.93,21.11,3.5,2.27,3.7,2
Tasmanian_wolf,Thylacinus_cynocephalus,Marsupiala,Dasyuromorphia,107.59,26.03,47.26,44.35,51.6,78.35,50.76,58.1,22.5
Chevrotain,Tragulus_javanicus_gmel.,Placental,Artiodactyla,66.24,10.29,18.47,31.22,31.63,22.06,14.29,16.06,0.75
Bush_tailed_possum,Trichosaurus_vulpecula_vas_typica,Marsupiala,Diprotodontia,60.41,9.7,23.29,23.7,28.69,17.37,11.26,10.04,2.395
Northern_tree_shrew,Tupaia_belangeri,Placental,Scandentia,31.16,5.64,13.39,13.79,18.44,3.25,2.11,2.32,0.2
Tree_shrew,Tupaia_gris,Placental,Scandentia,32.9,5.53,10.92,14.73,19.83,4.92,3.19,2.84,0.2
Painted_tree_shrew,Tupaia_picta,Placental,Scandentia,32.15,6.55,10.82,13.95,20.33,4.9,3.17,2.77,0.2
Brown_bear,Ursus_arctos,Placental,Carnivorans,200.23,37.92,78.76,84.53,98.99,553.82,358.82,384.62,181
Sloth_bear,Ursus_ursinus,Placental,Carnivorans,179.7,36.6,83.66,75.51,95.48,467.23,302.72,312.5,100
Ruffled_lemur,Varecia_variegata,Placental,Rodentia,67.48,12.19,27.77,29.66,42.35,38.26,24.79,24.26,0.123
Rasse,Viverricula_malaccensis,Placental,Carnivorans,70.78,15.23,33.25,28.08,30.98,27.64,17.91,14.2,0.3
Wombat,Vombatus_ursinus,Marsupiala,Diprotodontia,67.05,24.92,47.46,44.99,54.15,87.53,56.71,55.18,25
Arctic_fox,Vulpes_lagopus,Placental,Carnivorans,70.36,15.95,31.33,37.72,45.09,59.32,38.43,34.88,5.2
Fox,Vulpes_vulpes,Placental,Carnivorans,80.73,14.71,37.47,39.45,47.96,74.94,48.55,42,9
Meadow_jumping_mouse,Zapus_hudsonis,Placental,Rodentia,13.54,2.08,6.35,7.13,9.24,0.55,0.36,0.3,0.017
